Author,LinkedIn,,,,,,,,,,,,,,,,,,,,,,,,
Pat Balius,https://www.linkedin.com/in/patrickbalius/,,,,,,,,,,,,,,,,,,,,,,,,
Ben Greenwald,https://www.linkedin.com/in/bengreenwald/,,,,,,,,,,,,,,,,,,,,,,,,
Samantha Merrow,https://www.linkedin.com/in/samantha-merrow-696b7558/,,,,,,,,,,,,,,,,,,,,,,,,
Narmada Venkateswaran,https://www.linkedin.com/in/n-venkateswaran/,,,,,,,,,,,,,,,,,,,,,,,,
Tracy Flood,https://www.linkedin.com/in/tracy-flood-md-phd/,,,,,,,,,,,,,,,,,,,,,,,,
Tripura Talagadadeevi,https://www.linkedin.com/in/tripura-talagadadeevi-330273166/,,,,,,,,,,,,,,,,,,,,,,,,
Shireen Iyer,https://www.linkedin.com/in/shireen-iyer-177336115/,,,,,,,,,,,,,,,,,,,,,,,,
Mihaela Kracun,https://www.linkedin.com/in/mihaela-b738511a5/,,,,,,,,,,,,,,,,,,,,,,,,
Allison Muir,https://www.linkedin.com/in/acm14/,,,,,,,,,,,,,,,,,,,,,,,,
